t212_ticker,ticker,company_name,isin,market,currency
MO_US_EQ,MO,Altria,US02209S1033,NYSE,USD
ALLY_US_EQ,ALLY,Ally Financial,US02005N1000,NYSE,USD
IPOE_US_EQ,SOFI,SoFi Technologies,US83406F1021,NASDAQ,USD
ROKU_US_EQ,ROKU,Roku,US77543R1023,NASDAQ,USD
ASMLa_EQ,ASML,ASML,NL0010273215,EURONEXT_AMSTERDAM,EUR
CBUKd_EQ,CBUK,iShares MSCI China Tech (Acc),IE000NFR7C63,XETRA,EUR
IB1Td_EQ,IB1T,iShares Bitcoin ETP (Acc),XS2940466316,XETRA,EUR
IDUSl_EQ,IDUS,iShares Core S&P 500 USD (Dist),IE0031442068,LSE,USD
NDAQ_US_EQ,NDAQ,Nasdaq,US6311031081,NASDAQ,USD
MCp_EQ,MC,LVMH Moet Hennessy Louis Vuitton,FR0000121014,EURONEXT_PARIS,EUR
NOVCd_EQ,NOVC,Novo Nordisk,DK0062498333,XETRA,EUR
CRM_US_EQ,CRM,Salesforce,US79466L3024,NYSE,USD
PLUG_US_EQ,PLUG,Plug Power,US72919P2020,NASDAQ,USD
VEUAl_EQ,VEUA,Vanguard FTSE Developed Europe (Acc),IE00BK5BQX27,LSE,GBP
7KYd_EQ,7KY,Robinhood Markets,US7707001027,XETRA,EUR
CEBLd_EQ,CEBL,iShares MSCI EM Asia (Acc),IE00B5L8K969,XETRA,EUR
SNOW_US_EQ,SNOW,Snowflake,US8334451098,NYSE,USD
RYAAY_US_EQ,RYAAY,Ryanair,US7835132033,NASDAQ,USD
MNDIl_EQ,MNDI,Mondi,GB00BMWC6P49,LSE,GBX
NVDA_US_EQ,NVDA,Nvidia,US67066G1040,NASDAQ,USD
FB_US_EQ,META,Meta Platforms,US30303M1027,NASDAQ,USD
GOOGL_US_EQ,GOOGL,Alphabet (Class A),US02079K3059,NASDAQ,USD
MMM_US_EQ,MMM,3M,US88579Y1010,NYSE,USD
CYSEl_EQ,CYSE,WisdomTree Cybersecurity (Acc),IE00BLPK3577,LSE,GBX
P911d_EQ,P911,Porsche,DE000PAG9113,XETRA,EUR
NFLX_US_EQ,NFLX,Netflix,US64110L1061,NASDAQ,USD
TSLA_US_EQ,TSLA,Tesla,US88160R1014,NASDAQ,USD
3CNEl_EQ,3CNE,Leverage Shares 3x Long Coinbase COIN,XS2399367254,LSE,EUR
COIN_US_EQ,COIN,Coinbase,US19260Q1076,NASDAQ,USD
R2USl_EQ,R2US,SPDR Russell 2000 U.S. Small Cap (Acc),IE00BJ38QD84,LSE,USD
SXR8d_EQ,SXR8,iShares Core S&P 500 (Acc),IE00B5BMR087,XETRA,EUR
VNTR_US_EQ,VNTR,Venator Materials,GB00BLFHRK18,OTC,USD
PINS_US_EQ,PINS,Pinterest,US72352L1061,NYSE,USD
MSFT_US_EQ,MSFT,Microsoft,US5949181045,NASDAQ,USD
NESNs_EQ,NESN,Nestle Sa,CH0038863350,SIX,CHF
ROGs_EQ,ROG,Roche Holding Ag,CH0012032048,SIX,CHF
ORp_EQ,OR,L'oreal Sa,FR0000120321,EURONEXT_PARIS,EUR
SNDEl_EQ,SNDE,Leverage Shares -3x Short Nvidia (Nvda) Etp Securities,XS2944874416,LSE,EUR
OD7Fd_EQ,OD7F,Wisdomtree Wti Crude Oil,GB00B15KXV33,XETRA,EUR
FREd_EQ,FRE,Fresenius Se & Co Kgaa,DE0005785604,XETRA,EUR
O2Dd_EQ,O2D,Telefonica Deutschland Holding Ag,DE000A1J5RX9,XETRA,EUR
ZPRXd_EQ,ZPRX,Spdr Msci Europe Small Cap Value Weighted Ucits Etf,IE00BSPLC298,XETRA,EUR
SXRVd_EQ,SXRV,Ishares Nasdaq 100 Ucits Etf Usd (Acc),IE00B53SZB19,XETRA,EUR
IITU_EQ,IITU,Ishares S&P 500 Information Technology Sector Ucits Etf Usd (Acc),IE00B3WJKG14,LSE,GBX
BGFDl_EQ,BGFD,Baillie Gifford Japan Trust Plc,GB0000485838,LSE,GBX
SMSNl_EQ,SMSN,Samsung Electronics Co Ltd Gdr,US7960508882,LSE,USD
CO3S1l_EQ,CO3S1,Leverage Shares -3x Short Coinbase (Coin) Etp Securities,XS3107206156,LSE,USD
CSCO_US_EQ,CSCO,Cisco Systems Inc,US17275R1023,NASDAQ,USD
CMCSA_US_EQ,CMCSA,Comcast Corp,US20030N1019,NASDAQ,USD
COST_US_EQ,COST,Costco Wholesale Corp,US22160K1051,NASDAQ,USD
INTC_US_EQ,INTC,Intel Corp,US4581401001,NASDAQ,USD
PEP_US_EQ,PEP,Pepsico Inc,US7134481081,NASDAQ,USD
ADBE_US_EQ,ADBE,Adobe Inc,US00724F1012,NASDAQ,USD
AMZN_US_EQ,AMZN,Amazon.Com Inc,US0231351067,NASDAQ,USD
AAPL_US_EQ,AAPL,Apple Inc,US0378331005,NASDAQ,USD
AVGO_US_EQ,AVGO,Broadcom Inc,US11135F1012,NASDAQ,USD
PYPL_US_EQ,PYPL,Paypal Holdings Inc,US70450Y1038,NASDAQ,USD
CHTR_US_EQ,CHTR,Charter Communications Inc,US16119P1084,NASDAQ,USD
TMUS_US_EQ,TMUS,T-Mobile Us Inc,US8725901040,NASDAQ,USD
ABNB_US_EQ,ABNB,Airbnb Inc,US0090661010,NASDAQ,USD
MRNA_US_EQ,MRNA,Moderna Inc,US60770K1079,NASDAQ,USD
WBD_US_EQ,WBD,Warner Bros. Discovery Inc,US9344231041,NASDAQ,USD
ABBV_US_EQ,ABBV,Abbvie Inc,US00287Y1091,NYSE,USD
BAC_US_EQ,BAC,Bank Of America Corp,US0605051046,NYSE,USD
BRK/A_US_EQ,BRK.A,Berkshire Hathaway Inc,US0846701086,NYSE,USD
KO_US_EQ,KO,Coca-Cola Co,US1912161007,NYSE,USD
XOM_US_EQ,XOM,Exxon Mobil Corp,US30231G1022,NYSE,USD
JNJ_US_EQ,JNJ,Johnson & Johnson,US4781601046,NYSE,USD
JPM_US_EQ,JPM,Jpmorgan Chase & Co,US46625H1005,NYSE,USD
PFE_US_EQ,PFE,Pfizer Inc,US7170811035,NYSE,USD
PG_US_EQ,PG,Procter & Gamble Co,US7427181091,NYSE,USD
TMO_US_EQ,TMO,Thermo Fisher Scientific Inc,US8835561023,NYSE,USD
UNH_US_EQ,UNH,Unitedhealth Group Inc,US91324P1021,NYSE,USD
WMT_US_EQ,WMT,Walmart Inc,US9311421039,NYSE,USD
DIS_US_EQ,DIS,Walt Disney Co,US2546871060,NYSE,USD
ABT_US_EQ,ABT,Abbott Laboratories,US0028241000,NYSE,USD
ACN_US_EQ,ACN,Accenture Plc,IE00B4BNMY34,NYSE,USD
BABA_US_EQ,BABA,Alibaba Group Holding Ltd Adr,US01609W1027,NYSE,USD
CVX_US_EQ,CVX,Chevron Corp,US1667641005,NYSE,USD
LLY_US_EQ,LLY,Eli Lilly And Co,US5324571083,NYSE,USD
HD_US_EQ,HD,Home Depot Inc,US4370761029,NYSE,USD
MA_US_EQ,MA,Mastercard Inc,US57636Q1040,NYSE,USD
NKE_US_EQ,NKE,Nike Inc,US6541061031,NYSE,USD
NVO_US_EQ,NVO,Novo Nordisk A/S Adr,US6701002056,NYSE,USD
ORCL_US_EQ,ORCL,Oracle Corp,US68389X1054,NYSE,USD
TSM_US_EQ,TSM,Taiwan Semiconductor Manufacturing Co Ltd Adr,US8740391003,NYSE,USD
TM_US_EQ,TM,Toyota Motor Corp Adr,US8923313071,NYSE,USD
V_US_EQ,V,Visa Inc,US92826C8394,NYSE,USD
KMB_US_EQ,KMB,Kimberly-Clark Corp,US4943681035,NYSE,USD
VICI_US_EQ,VICI,Vici Properties Inc,US9256521090,NYSE,USD
BTI_US_EQ,BTI,British American Tobacco Plc Adr,US1104481072,NYSE,USD
GME_US_EQ,GME,Gamestop Corp,US36467W1099,NYSE,USD
O_US_EQ,O,Realty Income Corp,US7561091049,NYSE,USD
WPC_US_EQ,WPC,W. P. Carey Inc,US92936U1097,NYSE,USD
SOLV_US_EQ,SOLV,Solventum Corp,US83444M1018,NYSE,USD
FIG_US_EQ,FIG,Figma Inc,US3168411052,NYSE,USD
KLAR_US_EQ,KLAR,Klarna Group Plc,GB00BMHVL512,NYSE,USD
UBER_US_EQ,UBER,Uber Technologies Inc,US90353T1007,NYSE,USD
TCEHY_US_EQ,TCEHY,Tencent Holdings Ltd Adr,US88032Q1094,OTC,USD